{"name":"TSO","targetUrl":"https://www.thesettlersonline.fr/fr/jouer","counter":false,"bounce":false,"width":1280,"height":800,"showMenuBar":false,"fastQuit":false,"userAgent":"Mozilla/5.0 (Windows NT 10.0; Win64; x64) AppleWebKit/537.36 (KHTML, like Gecko) Chrome/66.0.3359.181 Safari/537.36","nativefierVersion":"7.6.10","ignoreCertificate":false,"disableGpu":false,"ignoreGpuBlacklist":false,"enableEs3Apis":false,"insecure":true,"flashPluginDir":"C:\\WINDOWS\\system32\\Macromed\\Flash\\pepflashplayer64_32_0_0_156.dll","diskCacheSize":null,"fullScreen":false,"maximize":false,"zoom":1,"internalUrls":null,"singleInstance":false,"win32metadata":{"ProductName":"TSO","InternalName":"TSO","FileDescription":"TSO"},"tray":false,"basicAuthUsername":null,"basicAuthPassword":null,"alwaysOnTop":false,"titleBarStyle":null,"globalShortcuts":null}